{"acc": 3.1649197872081474, "val_acc": 2.914256601295408, "loss": -0.013047201781885773, "val_loss": 0.02578743321853562, "_timestamp": 1680768087.788438, "_runtime": 27.058562994003296, "_step": 999, "_wandb": {"runtime": 26}}