{"acc": 3.569036658525336, "val_acc": 3.29858868912141, "loss": 0.1498625353049875, "val_loss": 0.12782090877364063, "_timestamp": 1680768186.9365463, "_runtime": 25.93488335609436, "_step": 999, "_wandb": {"runtime": 24}}