{"acc": 3.0073468265166046, "val_acc": 2.647375925573528, "loss": 0.015506697222669924, "val_loss": 0.07658573716435721, "_timestamp": 1680768120.9163218, "_runtime": 25.56643581390381, "_step": 999, "_wandb": {"runtime": 24}}