{"acc": 4.049275889532181, "val_acc": 3.352324648558993, "loss": 0.1556599440677027, "val_loss": 0.09983724416655344, "_timestamp": 1680768154.1634724, "_runtime": 26.20393443107605, "_step": 999, "_wandb": {"runtime": 24}}